task,star_free,layers,heads,terms,best_seed,model_hard_accuracy,train_accuracy,test_accuracy,test_positive_rate,disagreements,attention_ops,seconds
a_before_b,True,1,1,1,0,0.787879,0.787879,0.753739,,0,1,116.1
a_before_b,True,1,1,2,0,0.787879,0.787879,0.753739,,0,1,202.0
a_before_b,True,1,2,1,0,0.829004,0.829004,0.998006,,0,2,261.2
a_before_b,True,1,2,2,1,0.829004,0.829004,0.998006,,0,2,390.2
a_before_b,True,1,3,1,1,0.856061,0.856061,0.999003,,0,3,226.3
a_before_b,True,1,3,2,0,0.856061,0.856061,0.999003,,0,3,585.3
a_before_b,True,2,1,1,0,0.856061,0.856061,0.999003,,0,2,192.3
a_before_b,True,2,1,2,0,0.856061,0.856061,0.999003,,0,2,501.4
a_before_b,True,2,2,1,2,1.0,1.0,1.0,,0,3,419.1
a_before_b,True,2,2,2,2,0.92316,0.92316,0.872383,,0,4,762.6
a_before_b,True,2,3,1,0,1.0,1.0,1.0,,0,5,149.2
a_before_b,True,2,3,2,0,1.0,1.0,1.0,,0,5,376.9
a_before_b,True,3,1,1,0,0.968615,0.968615,1.0,,0,3,296.8
a_before_b,True,3,1,2,0,1.0,1.0,1.0,,0,3,209.7
a_before_b,True,3,2,1,0,1.0,1.0,1.0,,0,6,136.0
a_before_b,True,3,2,2,0,1.0,1.0,1.0,,0,6,549.8
a_before_b,True,3,3,1,2,1.0,1.0,1.0,,0,9,649.5
a_before_b,True,3,3,2,0,1.0,1.0,1.0,,0,9,585.8
a_star_b_star,True,1,1,1,0,0.834416,0.834416,1.0,,0,1,111.9
a_star_b_star,True,1,1,2,0,0.805195,0.805195,0.999001,,0,1,197.8
a_star_b_star,True,1,2,1,1,0.782468,0.782468,0.999001,,0,2,186.0
a_star_b_star,True,1,2,2,0,0.856061,0.856061,1.0,,0,2,405.8
a_star_b_star,True,1,3,1,2,0.804113,0.804113,0.999001,,0,2,325.0
a_star_b_star,True,1,3,2,1,0.872294,0.872294,0.89011,,0,3,506.4
a_star_b_star,True,2,1,1,1,0.823593,0.823593,0.772228,,0,2,198.1
a_star_b_star,True,2,1,2,1,1.0,1.0,1.0,,0,2,294.8
a_star_b_star,True,2,2,1,2,1.0,1.0,1.0,,0,4,467.9
a_star_b_star,True,2,2,2,1,1.0,1.0,1.0,,0,4,536.3
a_star_b_star,True,2,3,1,1,1.0,1.0,1.0,,0,4,439.8
a_star_b_star,True,2,3,2,0,0.998918,0.998918,1.0,,0,6,1357.0
a_star_b_star,True,3,1,1,0,0.998918,0.998918,1.0,,0,2,331.3
a_star_b_star,True,3,1,2,0,1.0,1.0,1.0,,0,3,192.4
a_star_b_star,True,3,2,1,2,0.856061,0.856061,1.0,,0,5,449.2
a_star_b_star,True,3,2,2,0,1.0,1.0,1.0,,0,4,407.1
a_star_b_star,True,3,3,1,0,1.0,1.0,1.0,,0,8,281.9
a_star_b_star,True,3,3,2,0,1.0,1.0,1.0,,0,9,587.3
c_after_ab,True,1,1,1,0,0.694704,0.694704,0.5,,0,1,201.1
c_after_ab,True,1,1,2,1,0.694704,0.694704,0.5,,0,1,321.8
c_after_ab,True,1,2,1,1,0.731464,0.731464,0.534,,0,2,233.5
c_after_ab,True,1,2,2,1,0.694704,0.694704,0.533,,0,2,634.8
c_after_ab,True,1,3,1,2,0.773209,0.773209,0.546,,0,3,447.4
c_after_ab,True,1,3,2,1,0.694704,0.694704,0.5,,0,3,1011.7
c_after_ab,True,2,1,1,0,0.851713,0.851713,0.8495,,0,2,262.3
c_after_ab,True,2,1,2,1,0.851713,0.851713,0.8495,,0,2,630.7
c_after_ab,True,2,2,1,0,0.794393,0.794393,0.625,,0,4,478.5
c_after_ab,True,2,2,2,1,0.981931,0.981931,0.9145,,0,4,1509.2
c_after_ab,True,2,3,1,0,0.809969,0.809969,0.563,,0,5,643.7
c_after_ab,True,2,3,2,1,0.961994,0.961994,0.858,,0,6,2223.3
c_after_ab,True,3,1,1,0,0.788785,0.788785,0.574,,0,3,375.9
c_after_ab,True,3,1,2,2,0.949533,0.949533,0.6195,,0,3,1568.9
c_after_ab,True,3,2,1,0,0.760748,0.760748,0.5205,,0,6,576.4
c_after_ab,True,3,2,2,0,1.0,1.0,1.0,,0,6,623.5
c_after_ab,True,3,3,1,1,0.911526,0.911526,0.8375,,0,7,1557.4
c_after_ab,True,3,3,2,1,0.965109,0.965109,0.795,,0,7,3066.8
contains_ab,True,1,1,1,0,0.787879,0.787879,0.753739,,0,1,110.2
contains_ab,True,1,1,2,0,0.787879,0.787879,0.753739,,0,1,198.1
contains_ab,True,1,2,1,0,0.829004,0.829004,0.998006,,0,2,181.1
contains_ab,True,1,2,2,1,0.829004,0.829004,0.998006,,0,2,384.1
contains_ab,True,1,3,1,1,0.856061,0.856061,0.999003,,0,3,244.1
contains_ab,True,1,3,2,0,0.856061,0.856061,0.999003,,0,3,567.2
contains_ab,True,2,1,1,0,0.856061,0.856061,0.999003,,0,2,208.3
contains_ab,True,2,1,2,0,0.856061,0.856061,0.999003,,0,2,624.7
contains_ab,True,2,2,1,2,1.0,1.0,1.0,,0,3,389.2
contains_ab,True,2,2,2,2,0.92316,0.92316,0.872383,,0,4,1146.7
contains_ab,True,2,3,1,0,1.0,1.0,1.0,,0,5,149.6
contains_ab,True,2,3,2,0,1.0,1.0,1.0,,0,5,378.3
contains_ab,True,3,1,1,0,0.968615,0.968615,1.0,,0,3,268.3
contains_ab,True,3,1,2,0,1.0,1.0,1.0,,0,3,215.1
contains_ab,True,3,2,1,0,1.0,1.0,1.0,,0,6,155.9
contains_ab,True,3,2,2,0,1.0,1.0,1.0,,0,6,535.1
contains_ab,True,3,3,1,2,1.0,1.0,1.0,,0,9,753.6
contains_ab,True,3,3,2,0,1.0,1.0,1.0,,0,9,517.4
contains_aba,True,1,1,1,1,0.564027,0.564027,0.541,,0,1,100.0
contains_aba,True,1,1,2,0,0.56696,0.56696,0.541,,0,1,238.1
contains_aba,True,1,2,1,1,0.564027,0.564027,0.541,,0,2,169.2
contains_aba,True,1,2,2,0,0.510264,0.510264,0.5,,0,2,419.6
contains_aba,True,1,3,1,0,0.567937,0.567937,0.5355,,0,3,182.6
contains_aba,True,1,3,2,2,0.564027,0.564027,0.541,,0,3,537.5
contains_aba,True,2,1,1,2,0.56305,0.56305,0.5005,,0,2,166.4
contains_aba,True,2,1,2,2,0.617791,0.617791,0.5675,,0,2,422.3
contains_aba,True,2,2,1,0,0.527859,0.527859,0.5,,0,4,325.0
contains_aba,True,2,2,2,2,0.603128,0.603128,0.5425,,0,4,898.9
contains_aba,True,2,3,1,0,0.817204,0.817204,0.706,,0,6,411.7
contains_aba,True,2,3,2,0,0.795699,0.795699,0.6965,,0,6,1427.3
contains_aba,True,3,1,1,2,0.695015,0.695015,0.638,,0,3,208.3
contains_aba,True,3,1,2,1,0.989247,0.989247,1.0,,0,3,651.2
contains_aba,True,3,2,1,1,0.829912,0.829912,0.5095,,0,6,415.4
contains_aba,True,3,2,2,2,0.744868,0.744868,0.6225,,0,6,1281.3
contains_aba,True,3,3,1,1,0.945259,0.945259,0.998,,0,8,855.9
contains_aba,True,3,3,2,0,1.0,1.0,1.0,,0,9,598.5
dot_depth__k-1__sigma-2,True,1,1,1,1,1.0,1.0,1.0,0.5,0,1,40.1
dot_depth__k-1__sigma-2,True,1,1,2,0,1.0,1.0,1.0,0.5,0,1,51.7
dot_depth__k-1__sigma-2,True,1,2,1,0,0.964798,0.964798,1.0,0.5,0,1,112.3
dot_depth__k-1__sigma-2,True,1,2,2,0,1.0,1.0,1.0,0.5,0,1,100.8
dot_depth__k-1__sigma-2,True,1,3,1,1,1.0,1.0,1.0,,0,1,39.0
dot_depth__k-1__sigma-2,True,1,3,2,0,1.0,1.0,1.0,,0,2,49.2
dot_depth__k-1__sigma-2,True,2,1,1,0,0.964798,0.964798,1.0,0.5,0,1,121.9
dot_depth__k-1__sigma-2,True,2,1,2,0,1.0,1.0,1.0,0.5,0,2,113.4
dot_depth__k-1__sigma-2,True,2,2,1,1,1.0,1.0,1.0,0.5,0,4,156.4
dot_depth__k-1__sigma-2,True,2,2,2,0,1.0,1.0,1.0,0.5,0,4,211.1
dot_depth__k-1__sigma-2,True,2,3,1,0,1.0,1.0,1.0,,0,5,42.7
dot_depth__k-1__sigma-2,True,2,3,2,0,1.0,1.0,1.0,,0,5,109.7
dot_depth__k-1__sigma-2,True,3,1,1,0,1.0,1.0,1.0,,0,2,25.6
dot_depth__k-1__sigma-2,True,3,1,2,0,1.0,1.0,1.0,,0,2,53.3
dot_depth__k-1__sigma-2,True,3,2,1,0,1.0,1.0,1.0,,0,5,44.9
dot_depth__k-1__sigma-2,True,3,2,2,0,1.0,1.0,1.0,,0,6,107.7
dot_depth__k-1__sigma-2,True,3,3,1,0,1.0,1.0,1.0,,0,5,76.8
dot_depth__k-1__sigma-2,True,3,3,2,0,1.0,1.0,1.0,,0,8,156.1
dot_depth__k-1__sigma-4,True,1,1,1,0,1.0,1.0,1.0,0.5,0,1,52.6
dot_depth__k-1__sigma-4,True,1,1,2,0,1.0,1.0,1.0,0.5,0,1,155.0
dot_depth__k-1__sigma-4,True,1,2,1,2,1.0,1.0,1.0,0.5,0,2,283.2
dot_depth__k-1__sigma-4,True,1,2,2,0,1.0,1.0,1.0,0.5,0,2,269.3
dot_depth__k-1__sigma-4,True,2,1,1,0,1.0,1.0,1.0,0.5,0,2,152.5
dot_depth__k-1__sigma-4,True,2,1,2,0,1.0,1.0,1.0,0.5,0,2,337.6
dot_depth__k-1__sigma-4,True,2,2,1,0,1.0,1.0,1.0,0.5,0,4,256.0
dot_depth__k-1__sigma-4,True,2,2,2,0,1.0,1.0,1.0,0.5,0,4,593.2
dot_depth__k-2__sigma-2,True,1,1,1,1,0.801105,0.801105,0.7755,,0,1,36.4
dot_depth__k-2__sigma-2,True,1,1,2,1,0.801105,0.801105,0.7755,,0,1,90.2
dot_depth__k-2__sigma-2,True,1,2,1,0,0.887661,0.887661,0.8395,,0,2,67.0
dot_depth__k-2__sigma-2,True,1,2,2,0,0.887661,0.887661,0.8395,,0,2,153.9
dot_depth__k-2__sigma-2,True,1,3,1,0,0.887661,0.887661,0.8395,,0,2,92.9
dot_depth__k-2__sigma-2,True,1,3,2,1,0.887661,0.887661,0.8395,,0,3,218.5
dot_depth__k-2__sigma-2,True,2,1,1,0,0.913444,0.913444,0.8155,,0,2,63.2
dot_depth__k-2__sigma-2,True,2,1,2,0,0.887661,0.887661,0.8395,,0,2,305.1
dot_depth__k-2__sigma-2,True,2,2,1,2,1.0,1.0,1.0,,0,4,215.9
dot_depth__k-2__sigma-2,True,2,2,2,0,1.0,1.0,1.0,,0,4,104.5
dot_depth__k-2__sigma-2,True,2,3,1,2,1.0,1.0,1.0,,0,6,185.4
dot_depth__k-2__sigma-2,True,2,3,2,0,1.0,1.0,1.0,,0,6,266.1
dot_depth__k-2__sigma-2,True,3,1,1,0,0.94291,0.94291,0.9925,,0,3,114.1
dot_depth__k-2__sigma-2,True,3,1,2,0,1.0,1.0,1.0,,0,3,83.9
dot_depth__k-2__sigma-2,True,3,2,1,0,1.0,1.0,1.0,,0,6,64.7
dot_depth__k-2__sigma-2,True,3,2,2,0,1.0,1.0,1.0,,0,6,163.4
dot_depth__k-2__sigma-2,True,3,3,1,0,1.0,1.0,1.0,,0,7,178.0
dot_depth__k-2__sigma-2,True,3,3,2,0,1.0,1.0,1.0,,0,8,245.1
dot_depth__k-3__sigma-2,True,1,1,1,0,0.627543,0.627543,0.576,,0,1,53.9
dot_depth__k-3__sigma-2,True,1,1,2,2,0.696401,0.696401,0.6975,,0,1,229.3
dot_depth__k-3__sigma-2,True,1,2,1,2,0.716745,0.716745,0.677,,0,2,155.9
dot_depth__k-3__sigma-2,True,1,2,2,1,0.751174,0.751174,0.707,,0,2,233.2
dot_depth__k-3__sigma-2,True,1,3,1,1,0.751174,0.751174,0.707,,0,3,156.0
dot_depth__k-3__sigma-2,True,1,3,2,2,0.751174,0.751174,0.707,,0,3,334.0
dot_depth__k-3__sigma-2,True,2,1,1,0,0.669797,0.669797,0.672,,0,2,111.5
dot_depth__k-3__sigma-2,True,2,1,2,0,0.901408,0.901408,0.817,,0,2,246.3
dot_depth__k-3__sigma-2,True,2,2,1,0,0.901408,0.901408,0.817,,0,4,168.0
dot_depth__k-3__sigma-2,True,2,2,2,1,0.901408,0.901408,0.817,,0,4,505.2
dot_depth__k-3__sigma-2,True,2,3,1,0,0.901408,0.901408,0.817,,0,5,257.0
dot_depth__k-3__sigma-2,True,2,3,2,0,0.901408,0.901408,0.817,,0,6,761.7
dot_depth__k-3__sigma-2,True,3,1,1,0,0.8482,0.8482,0.8025,,0,3,147.2
dot_depth__k-3__sigma-2,True,3,1,2,2,1.0,1.0,1.0,,0,3,478.1
dot_depth__k-3__sigma-2,True,3,2,1,2,0.931142,0.931142,0.8915,,0,6,280.9
dot_depth__k-3__sigma-2,True,3,2,2,0,1.0,1.0,1.0,,0,6,281.7
dot_depth__k-3__sigma-2,True,3,3,1,0,0.8482,0.8482,0.8025,,0,8,548.2
dot_depth__k-3__sigma-2,True,3,3,2,1,1.0,1.0,1.0,,0,9,873.1
dot_depth__k-4__sigma-2,True,1,1,1,0,0.58279,0.58279,0.57,,0,1,105.1
dot_depth__k-4__sigma-2,True,1,1,2,1,0.642764,0.642764,0.633,,0,1,235.2
dot_depth__k-4__sigma-2,True,1,2,1,2,0.617992,0.617992,0.645,,0,2,539.9
dot_depth__k-4__sigma-2,True,1,2,2,0,0.589309,0.589309,0.64,,0,2,425.7
dot_depth__k-4__sigma-2,True,1,3,1,0,0.655802,0.655802,0.6355,,0,3,322.5
dot_depth__k-4__sigma-2,True,1,3,2,2,0.655802,0.655802,0.6355,,0,3,628.7
dot_depth__k-4__sigma-2,True,2,1,1,0,0.694915,0.694915,0.7115,,0,2,289.8
dot_depth__k-4__sigma-2,True,2,1,2,2,0.77575,0.77575,0.7305,,0,2,973.0
dot_depth__k-4__sigma-2,True,2,2,1,2,0.709257,0.709257,0.7105,,0,4,459.4
dot_depth__k-4__sigma-2,True,2,2,2,1,0.934811,0.934811,0.818,,0,4,1560.9
dot_depth__k-4__sigma-2,True,2,3,1,0,0.934811,0.934811,0.818,,0,6,454.2
dot_depth__k-4__sigma-2,True,2,3,2,2,0.934811,0.934811,0.818,,0,6,2058.1
dot_depth__k-4__sigma-2,True,3,1,1,1,0.719687,0.719687,0.6435,,0,3,302.2
dot_depth__k-4__sigma-2,True,3,1,2,1,0.934811,0.934811,0.818,,0,3,743.0
dot_depth__k-4__sigma-2,True,3,2,1,2,0.766623,0.766623,0.719,,0,5,1003.9
dot_depth__k-4__sigma-2,True,3,2,2,2,0.934811,0.934811,0.818,,0,6,1337.5
dot_depth__k-4__sigma-2,True,3,3,1,0,0.934811,0.934811,0.818,,0,8,789.9
dot_depth__k-4__sigma-2,True,3,3,2,1,1.0,1.0,1.0,,0,8,1370.2
dot_depth__k-4__sigma-2,True,4,1,1,0,0.906128,0.906128,0.86,,0,4,188.0
dot_depth__k-4__sigma-2,True,4,2,1,1,0.80704,0.80704,0.774,,0,7,276.9
dot_depth__k-4__sigma-2,True,4,2,2,0,0.977836,0.977836,0.8915,,0,8,427.4
dot_depth__k-4__sigma-2,True,5,1,1,1,0.906128,0.906128,0.86,,0,5,197.8
dot_depth__k-4__sigma-2,True,5,1,2,0,1.0,1.0,1.0,,0,5,98.4
dot_depth__k-4__sigma-2,True,5,2,1,2,0.783572,0.783572,0.728,,0,7,290.7
dot_depth__k-5__sigma-2,True,1,1,1,0,0.617992,0.617992,0.5,,0,1,100.9
dot_depth__k-5__sigma-2,True,1,1,2,0,0.617992,0.617992,0.5,,0,1,343.1
dot_depth__k-5__sigma-2,True,1,2,1,0,0.617992,0.617992,0.5,,0,2,180.6
dot_depth__k-5__sigma-2,True,1,2,2,0,0.617992,0.617992,0.5,,0,2,495.2
dot_depth__k-5__sigma-2,True,1,3,1,0,0.617992,0.617992,0.5,,0,3,293.8
dot_depth__k-5__sigma-2,True,1,3,2,0,0.617992,0.617992,0.5,,0,3,687.3
dot_depth__k-5__sigma-2,True,2,1,1,1,0.617992,0.617992,0.5,,0,2,225.3
dot_depth__k-5__sigma-2,True,2,1,2,0,0.617992,0.617992,0.5,,0,2,509.5
dot_depth__k-5__sigma-2,True,2,2,1,1,0.671447,0.671447,0.6525,,0,4,521.3
dot_depth__k-5__sigma-2,True,2,2,2,1,0.745763,0.745763,0.553,,0,4,1158.4
dot_depth__k-5__sigma-2,True,2,3,1,1,0.696219,0.696219,0.7065,,0,6,550.6
dot_depth__k-5__sigma-2,True,2,3,2,2,0.754889,0.754889,0.6465,,0,6,1671.3
dot_depth__k-5__sigma-2,True,3,1,1,1,0.671447,0.671447,0.6525,,0,3,340.8
dot_depth__k-5__sigma-2,True,3,1,2,2,0.749674,0.749674,0.776,,0,3,819.4
dot_depth__k-5__sigma-2,True,3,2,1,1,0.839635,0.839635,0.893,,0,6,976.3
dot_depth__k-5__sigma-2,True,3,2,2,0,0.833116,0.833116,0.579,,0,6,1741.9
dot_depth__k-5__sigma-2,True,3,3,1,2,0.82399,0.82399,0.7955,,0,9,867.6
dot_depth__k-5__sigma-2,True,3,3,2,0,0.745763,0.745763,0.553,,0,9,2383.4
dot_depth__k-5__sigma-2,True,5,1,1,0,0.617992,0.617992,0.5,0.5,0,5,321.1
dot_depth__k-5__sigma-2,True,5,1,2,1,1.0,1.0,1.0,0.5,0,5,571.2
dot_depth__k-5__sigma-2,True,5,2,1,2,0.865711,0.865711,0.8035,0.5,0,7,614.3
dot_depth__k-5__sigma-2,True,5,2,2,1,1.0,1.0,1.0,0.5,0,9,1664.3
dot_depth__k-5__sigma-2,True,6,1,1,1,0.784876,0.784876,0.7955,0.5,0,6,507.8
dot_depth__k-5__sigma-2,True,6,1,2,0,0.949153,0.949153,0.8815,0.5,0,6,1460.6
dot_depth__k-5__sigma-2,True,6,2,1,1,0.685789,0.685789,0.6375,0.5,0,6,745.3
dot_depth__k-5__sigma-2,True,6,2,2,0,0.940026,0.940026,0.8645,0.5,0,9,2048.5
dot_depth__k-5__sigma-4,True,5,1,1,0,0.863079,0.863079,0.5,0.5,0,3,896.2
dot_depth__k-5__sigma-4,True,5,1,2,1,0.993074,0.993074,0.94,0.5,0,4,2288.3
dot_depth__k-5__sigma-4,True,5,2,1,0,0.873202,0.873202,0.7405,0.5,0,7,1852.3
dot_depth__k-5__sigma-4,True,5,2,2,0,0.988812,0.988812,0.8925,0.5,0,7,6074.1
dot_depth__k-5__sigma-4,True,6,1,1,2,0.942994,0.942994,0.814,0.5,0,4,1194.4
dot_depth__k-5__sigma-4,True,6,1,2,2,0.990943,0.990943,0.937,0.5,0,6,2908.6
dot_depth__k-5__sigma-4,True,6,2,1,2,0.942994,0.942994,0.814,0.5,0,8,2407.2
dot_depth__k-5__sigma-4,True,6,2,2,0,0.977091,0.977091,0.8175,0.5,0,10,5433.2
dot_depth__k-6__sigma-2,True,6,1,1,2,0.936115,0.936115,0.8195,,0,6,202.0
dot_depth__k-6__sigma-2,True,6,2,1,0,0.654498,0.654498,0.5,,0,10,364.8
dot_depth__k-6__sigma-2,True,6,2,2,0,1.0,1.0,1.0,,0,9,254.5
dot_depth__k-6__sigma-2,True,7,2,1,1,0.697523,0.697523,0.7335,,0,8,386.7
dot_depth__k-6__sigma-2,True,7,2,2,0,0.936115,0.936115,0.8195,,0,12,777.1
dot_depth__k-7__sigma-2,True,7,1,1,0,0.902216,0.902216,0.8565,,0,7,232.8
dot_depth__k-7__sigma-2,True,7,1,2,2,0.95176,0.95176,0.8195,,0,7,623.5
dot_depth__k-7__sigma-2,True,7,2,1,1,0.788787,0.788787,0.7825,,0,8,393.7
dot_depth__k-7__sigma-2,True,7,2,2,0,0.853977,0.853977,0.837,,0,12,897.0
dot_depth__k-7__sigma-2,True,8,1,1,1,0.829205,0.829205,0.7325,,0,7,244.5
dot_depth__k-7__sigma-2,True,8,1,2,1,1.0,1.0,1.0,,0,8,359.9
dot_depth__k-7__sigma-2,True,8,2,1,2,0.664928,0.664928,0.5,,0,6,439.5
dot_depth__k-7__sigma-2,True,8,2,2,0,0.767927,0.767927,0.5595,,0,15,833.5
dot_depth__k-8__sigma-2,True,8,1,1,0,0.666232,0.666232,0.5,,0,7,254.1
dot_depth__k-8__sigma-2,True,8,1,2,2,0.857888,0.857888,0.748,,0,8,638.3
dot_depth__k-8__sigma-2,True,8,2,1,0,0.666232,0.666232,0.5,,0,8,456.7
dot_depth__k-8__sigma-2,True,8,2,2,0,0.847458,0.847458,0.8035,0.5,0,15,973.6
dot_depth__k-8__sigma-2,True,9,1,1,0,0.666232,0.666232,0.5,0.5,0,7,275.5
dot_depth__k-8__sigma-2,True,9,1,2,1,0.915254,0.915254,0.87,0.5,0,9,604.5
dot_depth__k-8__sigma-2,True,9,2,1,0,0.724902,0.724902,0.669,0.5,0,16,492.0
dot_depth__k-8__sigma-2,True,9,2,2,0,0.940026,0.940026,0.818,0.5,0,14,1070.0
ends_ab,True,1,1,1,0,1.0,1.0,1.0,,0,1,25.2
ends_ab,True,1,1,2,1,1.0,1.0,1.0,,0,1,134.0
ends_ab,True,1,2,1,0,1.0,1.0,1.0,,0,1,51.1
ends_ab,True,1,2,2,1,1.0,1.0,1.0,,0,2,256.7
ends_ab,True,1,3,1,0,1.0,1.0,1.0,,0,3,70.5
ends_ab,True,1,3,2,0,1.0,1.0,1.0,,0,3,199.8
ends_ab,True,2,1,1,0,1.0,1.0,1.0,,0,2,65.6
ends_ab,True,2,1,2,0,1.0,1.0,1.0,,0,2,157.3
ends_ab,True,2,2,1,0,1.0,1.0,1.0,,0,4,115.4
ends_ab,True,2,2,2,0,1.0,1.0,1.0,,0,4,269.0
ends_ab,True,2,3,1,0,1.0,1.0,1.0,,0,4,145.7
ends_ab,True,2,3,2,0,1.0,1.0,1.0,,0,6,412.8
ends_ab,True,3,1,1,0,1.0,1.0,1.0,,0,3,97.8
ends_ab,True,3,1,2,0,1.0,1.0,1.0,,0,3,240.4
ends_ab,True,3,2,1,0,1.0,1.0,1.0,,0,5,179.2
ends_ab,True,3,2,2,0,1.0,1.0,1.0,,0,6,484.2
ends_ab,True,3,3,1,0,1.0,1.0,1.0,,0,6,225.4
ends_ab,True,3,3,2,0,1.0,1.0,1.0,,0,8,626.3
equal_blocks,False,1,1,1,0,0.745846,0.745846,0.5,0.5,0,1,235.1
equal_blocks,False,1,1,2,0,0.745846,0.745846,0.5,0.5,0,1,488.2
equal_blocks,False,1,2,1,0,0.745846,0.745846,0.5,0.5,0,2,463.0
equal_blocks,False,1,2,2,0,0.745846,0.745846,0.5,0.5,0,2,589.2
equal_blocks,False,1,3,1,1,0.745846,0.745846,0.5,0.5,0,2,1063.8
equal_blocks,False,1,3,2,0,0.745846,0.745846,0.5,0.5,0,3,1701.2
equal_blocks,False,2,1,1,1,0.745846,0.745846,0.5,0.5,0,2,783.8
equal_blocks,False,2,1,2,0,0.745846,0.745846,0.5,0.5,0,2,1626.6
equal_blocks,False,2,2,1,1,0.726295,0.726295,0.5,0.5,0,4,1688.9
equal_blocks,False,2,2,2,2,0.740958,0.740958,0.5,0.5,0,4,2252.7
equal_blocks,False,2,3,1,2,0.745846,0.745846,0.5,0.5,0,2,1881.1
equal_blocks,False,2,3,2,1,0.745846,0.745846,0.5,0.5,0,6,2808.3
equal_blocks,False,3,1,1,1,0.726295,0.726295,0.5,0.5,0,3,1286.3
equal_blocks,False,3,1,2,1,0.718475,0.718475,0.5,0.5,0,3,2145.8
equal_blocks,False,3,2,1,2,0.740958,0.740958,0.5,0.5,0,5,2077.8
equal_blocks,False,3,2,2,0,0.745846,0.745846,0.5,0.5,0,6,2869.6
equal_blocks,False,3,3,1,0,0.766373,0.766373,0.5,0.5,0,8,2410.9
equal_blocks,False,3,3,2,0,0.719453,0.719453,0.5,0.5,0,9,3602.9
first_a,True,1,1,1,1,0.500489,0.500489,0.5,,0,0,98.8
first_a,True,1,1,2,2,0.516129,0.516129,0.5045,,0,1,243.5
first_a,True,1,2,1,1,0.999022,0.999022,1.0,,0,1,145.2
first_a,True,1,2,2,1,1.0,1.0,1.0,,0,2,250.3
first_a,True,1,3,1,0,0.999022,0.999022,1.0,,0,1,264.0
first_a,True,1,3,2,1,1.0,1.0,1.0,,0,3,363.5
first_a,True,2,1,1,1,1.0,1.0,1.0,,0,2,87.7
first_a,True,2,1,2,1,1.0,1.0,1.0,,0,2,273.3
first_a,True,2,2,1,0,0.999022,0.999022,1.0,,0,3,258.9
first_a,True,2,2,2,0,0.999022,0.999022,1.0,,0,4,959.6
first_a,True,2,3,1,0,0.999022,0.999022,1.0,,0,6,507.3
first_a,True,2,3,2,0,0.999022,0.999022,1.0,,0,5,1230.9
first_a,True,3,1,1,0,0.999022,0.999022,1.0,,0,2,228.2
first_a,True,3,1,2,1,1.0,1.0,1.0,,0,3,502.6
first_a,True,3,2,1,0,0.999022,0.999022,1.0,,0,6,444.0
first_a,True,3,2,2,1,1.0,1.0,1.0,,0,6,1037.8
first_a,True,3,3,1,0,0.999022,0.999022,1.0,,0,5,600.7
first_a,True,3,3,2,0,1.0,1.0,1.0,,0,8,619.4
gastin_oddoux_depth__k-1,True,2,1,1,1,0.976532,0.976532,1.0,0.5,0,2,219.8
gastin_oddoux_depth__k-1,True,2,1,2,0,1.0,1.0,1.0,0.5,0,2,172.9
gastin_oddoux_depth__k-1,True,2,2,1,2,1.0,1.0,1.0,0.5,0,4,350.9
gastin_oddoux_depth__k-1,True,2,2,2,0,1.0,1.0,1.0,0.5,0,4,383.8
gastin_oddoux_depth__k-1,True,3,1,1,0,0.976532,0.976532,1.0,0.5,0,3,399.1
gastin_oddoux_depth__k-1,True,3,1,2,0,1.0,1.0,1.0,0.5,0,3,315.3
gastin_oddoux_depth__k-1,True,3,2,1,1,1.0,1.0,1.0,0.5,0,6,464.5
gastin_oddoux_depth__k-1,True,3,2,2,0,1.0,1.0,1.0,0.5,0,6,488.4
last_a,True,1,1,1,0,1.0,1.0,1.0,,0,0,26.9
last_a,True,1,1,2,0,1.0,1.0,1.0,,0,1,66.2
last_a,True,1,2,1,0,1.0,1.0,1.0,,0,1,48.9
last_a,True,1,2,2,0,1.0,1.0,1.0,,0,2,173.2
last_a,True,1,3,1,0,1.0,1.0,1.0,,0,1,73.6
last_a,True,1,3,2,0,1.0,1.0,1.0,,0,2,212.5
last_a,True,2,1,1,0,1.0,1.0,1.0,,0,2,48.8
last_a,True,2,1,2,0,1.0,1.0,1.0,,0,2,134.6
last_a,True,2,2,1,0,1.0,1.0,1.0,,0,3,124.4
last_a,True,2,2,2,0,1.0,1.0,1.0,,0,4,334.4
last_a,True,2,3,1,0,1.0,1.0,1.0,,0,5,125.9
last_a,True,2,3,2,0,1.0,1.0,1.0,,0,6,377.8
last_a,True,3,1,1,0,1.0,1.0,1.0,,0,0,100.8
last_a,True,3,1,2,0,1.0,1.0,1.0,,0,3,200.4
last_a,True,3,2,1,0,1.0,1.0,1.0,,0,5,145.3
last_a,True,3,2,2,0,1.0,1.0,1.0,,0,6,423.6
last_a,True,3,3,1,0,1.0,1.0,1.0,,0,4,203.0
last_a,True,3,3,2,0,1.0,1.0,1.0,,0,6,759.2
markey_agreement__n-1,True,1,1,1,0,0.709643,0.709643,0.7475,0.5,0,1,153.7
markey_agreement__n-1,True,1,1,2,0,0.85935,0.85935,0.8665,0.5,0,1,416.0
markey_agreement__n-1,True,1,2,1,0,0.85935,0.85935,0.8665,0.5,0,2,266.2
markey_agreement__n-1,True,1,2,2,0,1.0,1.0,1.0,0.5,0,2,293.1
markey_agreement__n-1,True,2,1,1,2,0.890783,0.890783,0.839,0.5,0,2,339.9
markey_agreement__n-1,True,2,1,2,2,1.0,1.0,1.0,0.5,0,2,758.0
markey_agreement__n-1,True,2,2,1,1,1.0,1.0,1.0,0.5,0,3,406.2
markey_agreement__n-1,True,2,2,2,0,1.0,1.0,1.0,0.5,0,4,549.3
parity_a,False,1,1,1,0,0.508309,0.508309,0.5,,0,1,79.4
parity_a,False,1,1,2,1,0.511241,0.511241,0.507,,0,1,336.0
parity_a,False,1,2,1,1,0.508309,0.508309,0.5,,0,1,217.9
parity_a,False,1,2,2,1,0.508309,0.508309,0.5,,0,2,357.1
parity_a,False,1,3,1,0,0.505376,0.505376,0.493,,0,2,214.1
parity_a,False,1,3,2,0,0.508309,0.508309,0.5,,0,3,547.2
parity_a,False,2,1,1,1,0.508309,0.508309,0.5,,0,2,213.5
parity_a,False,2,1,2,0,0.537634,0.537634,0.5,,0,2,486.1
parity_a,False,2,2,1,2,0.529814,0.529814,0.5,,0,4,292.5
parity_a,False,2,2,2,0,0.511241,0.511241,0.507,,0,4,783.8
parity_a,False,2,3,1,1,0.508309,0.508309,0.5,,0,4,430.1
parity_a,False,2,3,2,2,0.537634,0.537634,0.5,,0,6,1445.5
parity_a,False,3,1,1,1,0.537634,0.537634,0.5,,0,3,232.9
parity_a,False,3,1,2,2,0.603128,0.603128,0.5,,0,3,632.8
parity_a,False,3,2,1,1,0.536657,0.536657,0.5095,,0,5,592.3
parity_a,False,3,2,2,2,0.557185,0.557185,0.493,,0,6,1208.4
parity_a,False,3,3,1,1,0.603128,0.603128,0.5,,0,8,874.0
parity_a,False,3,3,2,0,0.537634,0.537634,0.5,,0,7,1931.2
two_var__monotone_past__sigma-2,True,1,1,1,0,1.0,1.0,1.0,0.0,0,1,13.4
two_var__monotone_past__sigma-2,True,1,1,2,0,1.0,1.0,1.0,0.0,0,1,36.1
two_var__monotone_past__sigma-2,True,1,2,1,0,1.0,1.0,1.0,0.0,0,1,25.1
two_var__monotone_past__sigma-2,True,1,2,2,0,1.0,1.0,1.0,0.0,0,2,60.6
two_var__monotone_past__sigma-2,True,2,1,1,0,1.0,1.0,1.0,0.0,0,2,26.3
two_var__monotone_past__sigma-2,True,2,1,2,0,1.0,1.0,1.0,0.0,0,2,77.7
two_var__monotone_past__sigma-2,True,2,2,1,0,1.0,1.0,1.0,0.0,0,3,47.8
two_var__monotone_past__sigma-2,True,2,2,2,0,1.0,1.0,1.0,0.0,0,3,128.5
two_var__monotone_past__sigma-4,True,1,1,1,0,1.0,1.0,1.0,0.0,0,1,43.4
two_var__monotone_past__sigma-4,True,1,1,2,0,1.0,1.0,1.0,0.0,0,1,130.3
two_var__monotone_past__sigma-4,True,1,2,1,0,1.0,1.0,1.0,0.0,0,2,83.7
two_var__monotone_past__sigma-4,True,1,2,2,0,1.0,1.0,1.0,0.0,0,2,222.1
two_var__monotone_past__sigma-4,True,2,1,1,0,1.0,1.0,1.0,0.0,0,2,92.3
two_var__monotone_past__sigma-4,True,2,1,2,0,1.0,1.0,1.0,0.0,0,2,219.7
two_var__monotone_past__sigma-4,True,2,2,1,0,1.0,1.0,1.0,0.0,0,3,161.7
two_var__monotone_past__sigma-4,True,2,2,2,0,1.0,1.0,1.0,0.0,0,2,457.8
two_var__prev_repeats__sigma-2,True,1,1,1,2,0.761408,0.761408,0.743,0.5,0,1,69.5
two_var__prev_repeats__sigma-2,True,1,1,2,2,0.761408,0.761408,0.743,0.5,0,1,153.4
two_var__prev_repeats__sigma-2,True,1,2,1,0,0.761408,0.761408,0.743,0.5,0,2,98.5
two_var__prev_repeats__sigma-2,True,1,2,2,1,1.0,1.0,1.0,0.5,0,2,183.3
two_var__prev_repeats__sigma-2,True,2,1,1,1,0.761408,0.761408,0.743,0.5,0,1,146.3
two_var__prev_repeats__sigma-2,True,2,1,2,0,1.0,1.0,1.0,0.5,0,2,100.5
two_var__prev_repeats__sigma-2,True,2,2,1,1,1.0,1.0,1.0,0.5,0,4,129.0
two_var__prev_repeats__sigma-2,True,2,2,2,0,1.0,1.0,1.0,0.5,0,4,199.0
two_var__prev_repeats__sigma-4,True,1,1,1,2,0.677677,0.677677,0.618,0.5,0,1,171.7
two_var__prev_repeats__sigma-4,True,1,1,2,2,0.80927,0.80927,0.796,0.5,0,1,390.5
two_var__prev_repeats__sigma-4,True,1,2,1,2,0.693127,0.693127,0.5275,0.5,0,2,240.9
two_var__prev_repeats__sigma-4,True,1,2,2,0,0.882792,0.882792,0.842,0.5,0,2,717.2
two_var__prev_repeats__sigma-4,True,2,1,1,0,0.701119,0.701119,0.7145,0.5,0,2,419.5
two_var__prev_repeats__sigma-4,True,2,1,2,1,0.976558,0.976558,0.984,0.5,0,2,835.4
two_var__prev_repeats__sigma-4,True,2,2,1,2,0.797017,0.797017,0.7105,0.5,0,4,487.2
two_var__prev_repeats__sigma-4,True,2,2,2,2,0.968567,0.968567,0.964,0.5,0,4,1663.5
two_var__same_letter_before__sigma-2,True,1,1,1,0,0.899609,0.899609,0.926209,0.848176,0,1,52.3
two_var__same_letter_before__sigma-2,True,1,1,2,0,1.0,1.0,1.0,0.848176,0,1,54.5
two_var__same_letter_before__sigma-2,True,1,2,1,0,0.95176,0.95176,1.0,0.848176,0,2,97.0
two_var__same_letter_before__sigma-2,True,1,2,2,0,1.0,1.0,1.0,0.848176,0,2,84.8
two_var__same_letter_before__sigma-2,True,2,1,1,0,0.95176,0.95176,1.0,0.848176,0,2,109.5
two_var__same_letter_before__sigma-2,True,2,1,2,0,1.0,1.0,1.0,0.848176,0,2,94.3
two_var__same_letter_before__sigma-2,True,2,2,1,1,0.976532,0.976532,1.0,0.848176,0,4,237.9
two_var__same_letter_before__sigma-2,True,2,2,2,0,1.0,1.0,1.0,0.848176,0,2,180.3
two_var__same_letter_before__sigma-4,True,1,1,1,2,0.699521,0.699521,0.6295,0.5,0,1,214.0
two_var__same_letter_before__sigma-4,True,1,1,2,0,0.755994,0.755994,0.767,0.5,0,1,421.0
two_var__same_letter_before__sigma-4,True,1,2,1,2,0.64358,0.64358,0.628,0.5,0,2,359.4
two_var__same_letter_before__sigma-4,True,1,2,2,1,1.0,1.0,1.0,0.5,0,2,501.4
two_var__same_letter_before__sigma-4,True,2,1,1,2,0.605754,0.605754,0.5,0.5,0,1,379.5
two_var__same_letter_before__sigma-4,True,2,1,2,0,1.0,1.0,1.0,0.5,0,2,273.1
two_var__same_letter_before__sigma-4,True,2,2,1,0,0.759723,0.759723,0.75,0.5,0,3,663.9
two_var__same_letter_before__sigma-4,True,2,2,2,0,0.996271,0.996271,1.0,0.5,0,4,1491.6
two_var__since_same_letter__sigma-2,True,1,1,1,0,0.885845,0.885845,0.828,0.5,0,1,120.0
two_var__since_same_letter__sigma-2,True,1,1,2,0,1.0,1.0,1.0,0.5,0,1,76.9
two_var__since_same_letter__sigma-2,True,1,2,1,1,0.885845,0.885845,0.828,0.5,0,2,179.4
two_var__since_same_letter__sigma-2,True,1,2,2,0,1.0,1.0,1.0,0.5,0,2,174.6
two_var__since_same_letter__sigma-2,True,2,1,1,0,0.885845,0.885845,0.828,0.5,0,2,205.5
two_var__since_same_letter__sigma-2,True,2,1,2,0,1.0,1.0,1.0,0.5,0,2,142.8
two_var__since_same_letter__sigma-2,True,2,2,1,0,0.938356,0.938356,0.9135,0.5,0,4,268.0
two_var__since_same_letter__sigma-2,True,2,2,2,0,1.0,1.0,1.0,0.5,0,4,267.0
y_depth__k-1,True,1,1,1,0,1.0,1.0,1.0,0.5,0,1,24.0
y_depth__k-1,True,1,1,2,0,1.0,1.0,1.0,0.5,0,1,50.0
y_depth__k-1,True,1,2,1,0,1.0,1.0,1.0,0.5,0,2,52.9
y_depth__k-1,True,1,2,2,0,1.0,1.0,1.0,0.5,0,2,105.4
y_depth__k-1,True,2,1,1,0,1.0,1.0,1.0,0.5,0,2,37.3
y_depth__k-1,True,2,1,2,0,1.0,1.0,1.0,0.5,0,2,113.5
y_depth__k-1,True,2,2,1,0,1.0,1.0,1.0,0.5,0,4,62.1
y_depth__k-1,True,2,2,2,0,1.0,1.0,1.0,0.5,0,3,189.5
y_depth__k-5,True,5,1,1,0,0.558018,0.558018,0.548,0.5,0,2,272.1
y_depth__k-5,True,5,1,2,0,0.541069,0.541069,0.5,0.5,0,5,784.0
y_depth__k-5,True,5,2,1,0,0.541069,0.541069,0.5,0.5,0,8,782.6
y_depth__k-5,True,5,2,2,1,0.650587,0.650587,0.552,0.5,0,9,1588.7
y_depth__k-5,True,6,1,1,1,0.636245,0.636245,0.591,0.5,0,6,330.7
y_depth__k-5,True,6,1,2,2,0.621904,0.621904,0.599,0.5,0,6,1117.5
y_depth__k-5,True,6,2,1,0,0.607562,0.607562,0.5245,0.5,0,10,682.2
y_depth__k-5,True,6,2,2,2,0.741851,0.741851,0.5265,0.5,0,8,3011.8
y_depth__no_two_a__k-1,True,2,1,1,0,1.0,1.0,1.0,0.5,0,2,43.6
y_depth__no_two_a__k-1,True,2,1,2,0,1.0,1.0,1.0,0.5,0,2,102.2
y_depth__no_two_a__k-1,True,2,2,1,0,1.0,1.0,1.0,0.5,0,3,75.9
y_depth__no_two_a__k-1,True,2,2,2,0,1.0,1.0,1.0,0.5,0,4,180.5
y_depth__no_two_a__k-1,True,3,1,1,0,1.0,1.0,1.0,0.5,0,3,53.7
y_depth__no_two_a__k-1,True,3,1,2,0,1.0,1.0,1.0,0.5,0,3,150.6
y_depth__no_two_a__k-1,True,3,2,1,0,1.0,1.0,1.0,0.5,0,6,133.4
y_depth__no_two_a__k-1,True,3,2,2,0,1.0,1.0,1.0,0.5,0,4,312.7
y_depth__no_two_a__k-5,True,6,1,1,0,0.624511,0.624511,0.5,0.5,0,6,361.5
y_depth__no_two_a__k-5,True,6,1,2,0,0.624511,0.624511,0.5,0.5,0,6,928.0
y_depth__no_two_a__k-5,True,6,2,1,2,0.657106,0.657106,0.6835,0.5,0,10,737.6
y_depth__no_two_a__k-5,True,6,2,2,2,0.73794,0.73794,0.7105,0.5,0,12,1987.2
y_depth__no_two_a__k-5,True,7,1,1,0,0.685789,0.685789,0.6825,0.5,0,6,348.6
y_depth__no_two_a__k-5,True,7,1,2,2,0.71708,0.71708,0.605,0.5,0,7,1150.2
y_depth__no_two_a__k-5,True,7,2,1,0,0.624511,0.624511,0.5,0.5,0,9,865.1
y_depth__no_two_a__k-5,True,7,2,2,1,0.711864,0.711864,0.7115,0.5,0,13,2418.0
